RE-766.txt,edu.nd.dronology.ui.vaadin/src/main/java/edu/nd/dronology/ui/vaadin/activeflights/AFMainLayout.java
RE-766.txt,edu.nd.dronology.ui.vaadin/src/main/java/edu/nd/dronology/ui/vaadin/map/VaadinUIMapConstants.java
RE-766.txt,edu.nd.dronology.ui.vaadin/src/main/java/edu/nd/dronology/ui/vaadin/activeflights/AFMapComponent.java
RE-766.txt,edu.nd.dronology.ui.vaadin/src/main/java/edu/nd/dronology/ui/vaadin/flightroutes/FRMapComponent.java
RE-766.txt,edu.nd.dronology.ui.vaadin/src/main/java/edu/nd/dronology/ui/vaadin/map/LeafletmapFactory.java
RE-766.txt,edu.nd.dronology.ui.vaadin/src/main/java/edu/nd/dronology/ui/vaadin/utils/LayerDescriptor.java
RE-759.txt,edu.nd.dronology.services/src/edu/nd/dronology/services/facades/FlightManagerServiceRemoteFacade.java
RE-759.txt,edu.nd.dronology.services.core/src/edu/nd/dronology/services/core/remote/IFlightManagerRemoteService.java
RE-759.txt,edu.nd.dronology.core/src/edu/nd/dronology/core/mission/MissionPlan.java
RE-759.txt,edu.nd.dronology.services/src/edu/nd/dronology/services/instances/flightmanager/FlightManagerService.java
RE-759.txt,edu.nd.dronology.core/src/edu/nd/dronology/core/mission/IMissionPlan.java
RE-759.txt,edu.nd.dronology.services/src/edu/nd/dronology/services/missionplanning/plan/FullMissionPlan.java
RE-759.txt,edu.nd.dronology.services/src/edu/nd/dronology/services/instances/flightmanager/IFlightManagerServiceInstance.java
RE-759.txt,edu.nd.dronology.services/src/edu/nd/dronology/services/missionplanning/plan/UAVMissionPlan.java
RE-759.txt,edu.nd.dronology.services/src/edu/nd/dronology/services/instances/flightmanager/FlightManagerServiceInstance.java
RE-759.txt,edu.nd.dronology.monitoring.simplechecker/src/edu/nd/dronology/monitoring/simplechecker/checker/SimpleCheckerMessageHandler.java
RE-759.txt,edu.nd.dronology.services/src/edu/nd/dronology/services/instances/missionplanning/MissionPlanningServiceInstance.java
RE-759.txt,edu.nd.dronology.gstation.python.connector/src/edu/nd/dronology/gstation/connector/dispatch/WriteDispatcher.java
RE-759.txt,edu.nd.dronology.core/src/edu/nd/dronology/core/vehicle/ManagedDrone.java
RE-759.txt,edu.nd.dronology.services/src/edu/nd/dronology/services/missionplanning/tasks/LandTask.java
RE-759.txt,edu.nd.dronology.services/src/edu/nd/dronology/services/missionplanning/tasks/TakeoffTask.java
RE-759.txt,edu.nd.dronology.services/src/edu/nd/dronology/services/missionplanning/tasks/TaskFactory.java
RE-759.txt,edu.nd.dronology.services.core/src/edu/nd/dronology/services/core/util/ServiceIds.java
RE-759.txt,edu.nd.dronology.services/src/edu/nd/dronology/services/missionplanning/JSONMissionPlanReader.java
RE-759.txt,edu.nd.dronology.services/src/edu/nd/dronology/services/missionplanning/MissionExecutionException.java
RE-759.txt,edu.nd.dronology.services/src/edu/nd/dronology/services/missionplanning/patterns/TaskList.java
RE-759.txt,edu.nd.dronology.services/src/edu/nd/dronology/services/missionplanning/tasks/SyncTask.java
RE-759.txt,edu.nd.dronology.ui.vaadin/src/main/java/edu/nd/dronology/ui/vaadin/activeflights/AFMainLayout.java
RE-759.txt,edu.nd.dronology.services/src/edu/nd/dronology/services/missionplanning/tasks/AbstractMissionTask.java
RE-759.txt,edu.nd.dronology.ui.vaadin/src/main/java/edu/nd/dronology/ui/vaadin/activeflights/MissionHandler.java
RE-759.txt,edu.nd.dronology.services/src/edu/nd/dronology/services/instances/missionplanning/IMissionPlanningServiceInstance.java
RE-759.txt,edu.nd.dronology.core/src/edu/nd/dronology/core/vehicle/commands/CommandIds.java
RE-759.txt,edu.nd.dronology.monitoring.simplechecker/src/edu/nd/dronology/monitoring/simplechecker/checker/DistanceChecker.java
RE-759.txt,edu.nd.dronology.monitoring.reminds/src/edu/nd/dronology/test/MonitoringConnectionTester.java
RE-759.txt,edu.nd.dronology.services/src/edu/nd/dronology/services/missionplanning/patterns/PatternFactory.java
RE-759.txt,edu.nd.dronology.ui.vaadin/src/main/java/edu/nd/dronology/ui/vaadin/activeflights/AFMapViewOperations.java
RE-759.txt,edu.nd.dronology.services/src/edu/nd/dronology/services/missionplanning/patterns/IFlightPattern.java
RE-759.txt,edu.nd.dronology.services/src/edu/nd/dronology/services/missionplanning/patterns/AbstractFlightPattern.java
RE-759.txt,edu.nd.dronology.services/src/edu/nd/dronology/services/missionplanning/sync/SynchronizationPoint.java
RE-759.txt,edu.nd.dronology.services.core/src/edu/nd/dronology/services/core/remote/IMissionPlanningRemoteService.java
RE-759.txt,edu.nd.dronology.services/src/edu/nd/dronology/services/remote/RemoteManager.java
RE-759.txt,edu.nd.dronology.services/src/edu/nd/dronology/services/missionplanning/patterns/CoordinatedTakeoffPattern.java
RE-759.txt,edu.nd.dronology.services/src/edu/nd/dronology/services/missionplanning/plan/MissionUtil.java
RE-759.txt,edu.nd.dronology.core/src/edu/nd/dronology/core/vehicle/IUAVProxy.java
RE-759.txt,edu.nd.dronology.services/src/edu/nd/dronology/services/missionplanning/sync/SynchronizationManager.java
RE-759.txt,edu.nd.dronology.ui.vaadin/src/main/java/edu/nd/dronology/ui/vaadin/activeflights/AFMissionOperations.java
RE-759.txt,edu.nd.dronology.services/src/edu/nd/dronology/services/facades/MissionPlanningServiceRemoteFacade.java
RE-759.txt,edu.nd.dronology.core/src/edu/nd/dronology/core/monitoring/messages/UAVMonitorableMessage.java
RE-759.txt,edu.nd.dronology.services/src/edu/nd/dronology/services/missionplanning/tasks/WaypointTask.java
RE-759.txt,edu.nd.dronology.services/src/edu/nd/dronology/services/missionplanning/patterns/CoordinatedLandingPattern.java
RE-759.txt,edu.nd.dronology.services/src/edu/nd/dronology/services/missionplanning/sync/SynchronizationState.java
RE-759.txt,edu.nd.dronology.core/src/edu/nd/dronology/core/vehicle/proxy/UAVProxy.java
RE-759.txt,edu.nd.dronology.monitoring.simplechecker/src/edu/nd/dronology/monitoring/simplechecker/monitor/SimpleMonitor.java
RE-759.txt,edu.nd.dronology.core/src/edu/nd/dronology/core/vehicle/commands/EmergencyStopCommand.java
RE-759.txt,edu.nd.dronology.services/src/edu/nd/dronology/services/instances/missionplanning/MissionPlanningService.java
RE-759.txt,edu.nd.dronology.services/src/edu/nd/dronology/services/missionplanning/sync/SyncConstants.java
RE-759.txt,edu.nd.dronology.services/src/edu/nd/dronology/services/missionplanning/tasks/PatternTask.java
RE-759.txt,edu.nd.dronology.services/src/edu/nd/dronology/services/missionplanning/tasks/IMissionTask.java
RE-759.txt,edu.nd.dronology.ui.vaadin/src/main/java/edu/nd/dronology/ui/vaadin/activeflights/AFInfoPanel.java
RE-759.txt,edu.nd.dronology.core/src/edu/nd/dronology/core/flightzone/FlightZoneManager2.java
RE-759.txt,edu.nd.dronology.monitoring.simplechecker/src/edu/nd/dronology/monitoring/simplechecker/checker/CollisionInfo.java
RE-759.txt,edu.nd.dronology.services/src/edu/nd/dronology/services/missionplanning/tasks/RouteTask.java
RE-759.txt,edu.nd.dronology.services/src/edu/nd/dronology/services/missionplanning/plan/MissionController.java
RE-759.txt,edu.nd.dronology.services/src/edu/nd/dronology/services/missionplanning/tasks/DelayTask.java
RE-754.txt,python/edu.nd.dronology.gstation1.python/src/vehicle/copter.py
RE-754.txt,python/edu.nd.dronology.gstation1.python/src/communication/message.py
RE-754.txt,python/edu.nd.dronology.gstation1.python/src/control.py
RE-751.txt,python/edu.nd.dronology.gstation1.python/src/vehicle/copter.py
RE-751.txt,python/edu.nd.dronology.gstation1.python/src/communication/message.py
RE-751.txt,python/edu.nd.dronology.gstation1.python/src/control.py
RE-746.txt,python/edu.nd.dronology.gstation1.python/src/vehicle/copter.py
RE-746.txt,python/edu.nd.dronology.gstation1.python/src/communication/message.py
RE-741.txt,python/edu.nd.dronology.gstation1.python/src/vehicle/__init__.py
RE-741.txt,python/edu.nd.dronology.gstation1.python/src/control.py
RE-741.txt,python/edu.nd.dronology.gstation1.python/src/vehicle/copter.py
RE-741.txt,python/edu.nd.dronology.gstation1.python/src/communication/command.py
RE-739.txt,python/edu.nd.dronology.gstation1.python/src/control.py
RE-739.txt,python/edu.nd.dronology.gstation1.python/src/vehicle/copter.py
RE-739.txt,python/edu.nd.dronology.gstation1.python/src/communication/command.py
RE-736.txt,edu.nd.dronology.core/src/edu/nd/dronology/core/fleet/DroneFleetManager.java
RE-736.txt,edu.nd.dronology.gstation.python.connector/src/edu/nd/dronology/gstation/connector/service/connector/DroneConnectorService.java
RE-736.txt,edu.nd.dronology.gstation.python.connector/src/edu/nd/dronology/gstation/connector/dispatch/ReadDispatcher.java
RE-736.txt,edu.nd.dronology.gstation.python.connector/src/edu/nd/dronology/gstation/connector/dispatch/DispatchQueueManager.java
RE-736.txt,edu.nd.dronology.gstation.python.connector/src/edu/nd/dronology/gstation/connector/service/connector/DroneConnectorServiceInstance.java
RE-736.txt,edu.nd.dronology.gstation.python.connector/src/edu/nd/dronology/gstation/connector/GroundstationConnector.java
RE-729.txt,edu.nd.dronology.core/src/edu/nd/dronology/core/vehicle/commands/SetMonitoringFrequencyCommand.java
RE-729.txt,edu.nd.dronology.core/src/edu/nd/dronology/core/vehicle/commands/SetStateFrequencyCommand.java
RE-729.txt,edu.nd.dronology.core/src/edu/nd/dronology/core/vehicle/commands/AbstractDroneCommand.java
RE-729.txt,edu.nd.dronology.core/src/edu/nd/dronology/core/vehicle/commands/EmergencyStopCommand.java
RE-729.txt,edu.nd.dronology.core/src/edu/nd/dronology/core/vehicle/commands/SetVelocityCommand.java
RE-729.txt,edu.nd.dronology.core/src/edu/nd/dronology/core/vehicle/commands/TakeoffCommand.java
RE-729.txt,edu.nd.dronology.core/src/edu/nd/dronology/core/vehicle/commands/LandCommand.java
RE-729.txt,edu.nd.dronology.core/src/edu/nd/dronology/core/vehicle/commands/IDroneCommand.java
RE-729.txt,edu.nd.dronology.core/src/edu/nd/dronology/core/vehicle/commands/GoToCommand.java
RE-729.txt,edu.nd.dronology.core/src/edu/nd/dronology/core/vehicle/commands/CommandIds.java
RE-729.txt,edu.nd.dronology.core/src/edu/nd/dronology/core/vehicle/commands/SetGroundSpeedCommand.java
RE-722.txt,edu.nd.dronology.gstation.python.connector/src/edu/nd/dronology/gstation/connector/messages/UAVMessageFactory.java
RE-722.txt,edu.nd.dronology.gstation.python.connector/src/edu/nd/dronology/gstation/connector/messages/UAVMonitoringMessage.java
RE-722.txt,edu.nd.dronology.gstation.python.connector/src/edu/nd/dronology/gstation/connector/messages/UAVStateMessage.java
RE-722.txt,edu.nd.dronology.gstation.python.connector/src/edu/nd/dronology/gstation/connector/messages/UAVModeChangeMessage.java
RE-714.txt,edu.nd.dronology.core/src/edu/nd/dronology/core/vehicle/commands/SetVelocityCommand.java
RE-714.txt,edu.nd.dronology.core/src/edu/nd/dronology/core/vehicle/commands/SetGimbalRotationCommand.java
RE-714.txt,edu.nd.dronology.gstation.python.connector/src/edu/nd/dronology/gstation/connector/messages/ConnectionRequestMessage.java
RE-714.txt,edu.nd.dronology.core/src/edu/nd/dronology/core/vehicle/commands/TakeoffCommand.java
RE-714.txt,edu.nd.dronology.core/src/edu/nd/dronology/core/vehicle/commands/IDroneCommand.java
RE-714.txt,edu.nd.dronology.core/src/edu/nd/dronology/core/vehicle/commands/AbstractDroneCommand.java
RE-714.txt,edu.nd.dronology.core/src/edu/nd/dronology/core/vehicle/commands/SetMonitoringFrequencyCommand.java
RE-714.txt,edu.nd.dronology.core/src/edu/nd/dronology/core/vehicle/commands/GoToCommand.java
RE-714.txt,edu.nd.dronology.core/src/edu/nd/dronology/core/vehicle/commands/CommandIds.java
RE-714.txt,edu.nd.dronology.core/src/edu/nd/dronology/core/vehicle/commands/SetStateFrequencyCommand.java
RE-714.txt,edu.nd.dronology.core/src/edu/nd/dronology/core/vehicle/commands/SetGimbalTargetCommand.java
RE-714.txt,edu.nd.dronology.gstation.python.connector/src/edu/nd/dronology/gstation/connector/GroundstationConnector.java
RE-714.txt,edu.nd.dronology.core/src/edu/nd/dronology/core/vehicle/commands/SetGroundSpeedCommand.java
RE-714.txt,edu.nd.dronology.gstation.python.connector/src/edu/nd/dronology/gstation/connector/messages/UAVHandshakeMessage.java
RE-714.txt,edu.nd.dronology.gstation.python.connector/src/edu/nd/dronology/gstation/connector/dispatch/ReadDispatcher.java
RE-709.txt,edu.nd.dronology.core/src/edu/nd/dronology/core/fleet/PhysicalDroneFleetFactory.java
RE-709.txt,edu.nd.dronology.gstation.python.connector/src/edu/nd/dronology/gstation/connector/dispatch/DispatchQueueManager.java
RE-709.txt,edu.nd.dronology.services.launch/src/edu/nd/dronology/services/launch/DronologyServiceRunner.java
RE-709.txt,edu.nd.dronology.core/src/edu/nd/dronology/core/fleet/RuntimeDroneTypes.java
RE-709.txt,edu.nd.dronology.gstation.python.connector/src/edu/nd/dronology/gstation/connector/GroundstationConnector.java
RE-709.txt,edu.nd.dronology.gstation.python.connector/src/edu/nd/dronology/gstation/connector/connect/IncommingGroundstationConnectionServer.java
RE-709.txt,edu.nd.dronology.gstation.python.connector/src/edu/nd/dronology/gstation/connector/messages/ConnectionRequestMessage.java
RE-706.txt,edu.nd.dronology.core/src/edu/nd/dronology/core/monitoring/IMonitorableMessage.java
RE-706.txt,edu.nd.dronology.core/src/edu/nd/dronology/core/monitoring/ArtifactIdentifier.java
RE-706.txt,edu.nd.dronology.core/src/edu/nd/dronology/core/monitoring/messages/UAVMonitorableMessage.java
RE-702.txt,edu.nd.dronology.monitoring/src/edu/nd/dronology/monitoring/service/DroneMonitoringServiceRemoteFacade.java
RE-702.txt,edu.nd.dronology.monitoring/src/edu/nd/dronology/monitoring/service/IDroneMonitoringRemoteService.java
RE-702.txt,edu.nd.dronology.monitoring/src/edu/nd/dronology/monitoring/service/DroneMonitoringService.java
RE-702.txt,edu.nd.dronology.monitoring/src/edu/nd/dronology/monitoring/service/IDroneMonitoringServiceInstance.java
RE-701.txt,edu.nd.dronology.monitoring/src/edu/nd/dronology/monitoring/IRemoteMonitoringMessageHandler.java
RE-701.txt,edu.nd.dronology.gstation.python.connector/src/edu/nd/dronology/gstation/connector/connect/IncommingGroundstationConnectionServer.java
RE-701.txt,edu.nd.dronology.core/src/edu/nd/dronology/core/vehicle/ManagedDrone.java
RE-701.txt,edu.nd.dronology.core/src/edu/nd/dronology/core/monitoring/MessageMarshaller.java
RE-701.txt,edu.nd.dronology.gstation.python.connector/src/edu/nd/dronology/gstation/connector/service/connector/IDroneConnectorServiceInstance.java
RE-701.txt,edu.nd.dronology.gstation.python.connector/src/edu/nd/dronology/gstation/connector/service/connector/DroneConnectorServiceInstance.java
RE-701.txt,edu.nd.dronology.core/src/edu/nd/dronology/core/fleet/PhysicalDroneFleetFactory.java
RE-701.txt,edu.nd.dronology.core/src/edu/nd/dronology/core/flight/PlanPoolManager.java
RE-701.txt,edu.nd.dronology.core/src/edu/nd/dronology/core/monitoring/IMonitoringDataHandler.java
RE-701.txt,edu.nd.dronology.gstation.python.connector/src/edu/nd/dronology/gstation/connector/dispatch/MonitoringDispatchThread.java
RE-701.txt,edu.nd.dronology.monitoring/src/edu/nd/dronology/monitoring/service/DroneMonitoringService.java
RE-701.txt,edu.nd.dronology.services.launch/src/edu/nd/dronology/services/launch/DronologyServiceRunner.java
RE-701.txt,edu.nd.dronology.core/src/edu/nd/dronology/core/vehicle/DroneFlightStateManager.java
RE-701.txt,edu.nd.dronology.monitoring.reminds/src/edu/nd/dronology/test/MonitoringConnectionTester.java
RE-701.txt,edu.nd.dronology.core/src/edu/nd/dronology/core/monitoring/messages/UAVStateChangeMessage.java
RE-701.txt,edu.nd.dronology.core/src/edu/nd/dronology/core/flight/internal/SimpleTakeoffFlightPlan.java
RE-701.txt,edu.nd.dronology.core/src/edu/nd/dronology/core/monitoring/ArtifactIdentifier.java
RE-701.txt,edu.nd.dronology.core/src/edu/nd/dronology/core/monitoring/IMonitorableMessage.java
RE-701.txt,edu.nd.dronology.gstation.python.connector/src/edu/nd/dronology/gstation/connector/messages/StateMessageTypeAdapter.java
RE-701.txt,edu.nd.dronology.core/src/edu/nd/dronology/core/flight/internal/FlightPlan.java
RE-701.txt,edu.nd.dronology.gstation.python.connector/src/edu/nd/dronology/gstation/connector/dispatch/DispatchQueueManager.java
RE-701.txt,edu.nd.dronology.core/src/edu/nd/dronology/core/monitoring/messages/UAVPlanChangeMessage.java
RE-701.txt,edu.nd.dronology.monitoring.reminds/src/edu/nd/dronology/monitoring/reminds/RemindsConnector.java
RE-701.txt,edu.nd.dronology.core/src/edu/nd/dronology/core/monitoring/messages/UAVMonitorableMessage.java
RE-701.txt,edu.nd.dronology.core/src/edu/nd/dronology/core/vehicle/commands/AbstractDroneCommand.java
RE-701.txt,edu.nd.dronology.monitoring/src/edu/nd/dronology/monitoring/service/DroneMonitoringServiceInstance.java
RE-701.txt,edu.nd.dronology.gstation.python.connector/src/edu/nd/dronology/gstation/connector/messages/UAVAcknowledgeMessage.java
RE-701.txt,edu.nd.dronology.gstation.python.connector/src/edu/nd/dronology/gstation/connector/service/connector/DroneConnectorService.java
RE-701.txt,edu.nd.dronology.monitoring.reminds/src/edu/nd/dronology/monitoring/reminds/RemoteMessageHandler.java
RE-701.txt,edu.nd.dronology.core/src/edu/nd/dronology/core/flight/IFlightPlan.java
RE-701.txt,edu.nd.dronology.core/src/edu/nd/dronology/core/monitoring/DronologyMonitoringManager.java
RE-701.txt,edu.nd.dronology.core/src/edu/nd/dronology/core/vehicle/internal/PhysicalDrone.java
RE-701.txt,edu.nd.dronology.monitoring/src/edu/nd/dronology/monitoring/SendToSubscriberCallable.java
RE-701.txt,edu.nd.dronology.monitoring/src/edu/nd/dronology/monitoring/service/IDroneMonitoringServiceInstance.java
RE-701.txt,edu.nd.dronology.core/src/edu/nd/dronology/core/fleet/VirtualDroneFleetFactory.java
RE-701.txt,edu.nd.dronology.gstation.python.connector/src/edu/nd/dronology/gstation/connector/messages/AbstractUAVMessage.java
RE-701.txt,edu.nd.dronology.gstation.python.connector/src/edu/nd/dronology/gstation/connector/GroundstationConnector.java
RE-695.txt,edu.nd.dronology.ui.vaadin/src/main/java/edu/nd/dronology/ui/vaadin/activeflights/AFMainLayout.java
RE-695.txt,edu.nd.dronology.ui.vaadin/src/main/java/edu/nd/dronology/ui/vaadin/activeflights/AFMapComponent.java
RE-695.txt,edu.nd.dronology.ui.vaadin/src/main/java/edu/nd/dronology/ui/vaadin/activeflights/AFFollowBar.java
RE-693.txt,edu.nd.dronology.ui.vaadin/src/main/java/edu/nd/dronology/ui/vaadin/activeflights/AFInfoBox.java
RE-693.txt,edu.nd.dronology.ui.vaadin/src/main/java/edu/nd/dronology/ui/vaadin/activeflights/AFMainLayout.java
RE-693.txt,edu.nd.dronology.ui.vaadin/src/main/java/edu/nd/dronology/ui/vaadin/start/MyUI.java
RE-693.txt,edu.nd.dronology.ui.vaadin/src/main/java/edu/nd/dronology/ui/vaadin/activeflights/AFInfoPanel.java
RE-693.txt,edu.nd.dronology.ui.vaadin/src/main/java/edu/nd/dronology/ui/vaadin/activeflights/AFMapComponent.java
RE-693.txt,edu.nd.dronology.ui.vaadin/src/main/java/edu/nd/dronology/ui/vaadin/activeflights/AFEmergencyComponent.java
RE-693.txt,edu.nd.dronology.ui.vaadin/src/main/java/edu/nd/dronology/ui/vaadin/activeflights/AFMapViewOperations.java
RE-691.txt,edu.nd.dronology.core/src/edu/nd/dronology/core/flight/IFlightDirector.java
RE-691.txt,edu.nd.dronology.services/src/edu/nd/dronology/services/facades/FlightManagerServiceRemoteFacade.java
RE-691.txt,edu.nd.dronology.ui.vaadin/src/main/java/edu/nd/dronology/ui/vaadin/activeflights/AFInfoBox.java
RE-691.txt,edu.nd.dronology.services.core/src/edu/nd/dronology/services/core/remote/IFlightManagerRemoteService.java
RE-691.txt,edu.nd.dronology.services/src/edu/nd/dronology/services/instances/flightmanager/FlightManagerService.java
RE-691.txt,edu.nd.dronology.core/src/edu/nd/dronology/core/vehicle/ManagedDrone.java
RE-691.txt,edu.nd.dronology.core/src/edu/nd/dronology/core/flight/internal/FlightPlan.java
RE-691.txt,edu.nd.dronology.core/src/edu/nd/dronology/core/flight/IFlightPlan.java
RE-691.txt,edu.nd.dronology.core/src/edu/nd/dronology/core/flight/internal/SoloDirector.java
RE-691.txt,edu.nd.dronology.services/src/edu/nd/dronology/services/instances/flightmanager/IFlightManagerServiceInstance.java
RE-691.txt,edu.nd.dronology.ui.vaadin/src/main/java/edu/nd/dronology/ui/vaadin/activeflights/AFInfoPanel.java
RE-691.txt,edu.nd.dronology.core/src/edu/nd/dronology/core/flightzone/FlightZoneManager2.java
RE-691.txt,edu.nd.dronology.ui.vaadin/src/main/java/edu/nd/dronology/ui/vaadin/activeflights/AFEmergencyComponent.java
RE-691.txt,edu.nd.dronology.core/src/edu/nd/dronology/core/flight/internal/SimpleTakeoffFlightPlan.java
RE-691.txt,edu.nd.dronology.ui.vaadin/src/main/java/edu/nd/dronology/ui/vaadin/flightroutes/windows/TakeoffAltitudeWindow.java
RE-691.txt,edu.nd.dronology.services/src/edu/nd/dronology/services/instances/flightmanager/FlightManagerServiceInstance.java
RE-689.txt,edu.nd.dronology.ui.vaadin/src/main/java/edu/nd/dronology/ui/vaadin/activeflights/AFMapComponent.java
RE-689.txt,edu.nd.dronology.ui.vaadin/src/main/java/edu/nd/dronology/ui/vaadin/utils/MapMarkerUtilities.java
RE-689.txt,edu.nd.dronology.ui.vaadin/src/main/java/edu/nd/dronology/ui/vaadin/start/MyUI.java
RE-689.txt,edu.nd.dronology.ui.vaadin/src/main/java/edu/nd/dronology/ui/vaadin/activeflights/MapDrawingUtil.java
RE-689.txt,edu.nd.dronology.ui.vaadin/src/main/java/edu/nd/dronology/ui/vaadin/flightroutes/FRMainLayout.java
RE-681.txt,edu.nd.dronology.ui.vaadin/src/main/java/edu/nd/dronology/ui/vaadin/activeflights/AFInfoPanel.java
RE-681.txt,edu.nd.dronology.ui.vaadin/src/main/java/edu/nd/dronology/ui/vaadin/activeflights/AFInfoBox.java
RE-681.txt,edu.nd.dronology.ui.vaadin/src/main/java/edu/nd/dronology/ui/vaadin/activeflights/AFControlsComponent.java
RE-681.txt,edu.nd.dronology.ui.vaadin/src/main/java/edu/nd/dronology/ui/vaadin/activeflights/AFEmergencyComponent.java
RE-681.txt,edu.nd.dronology.ui.vaadin/src/main/java/edu/nd/dronology/ui/vaadin/activeflights/AFMapComponent.java
RE-681.txt,edu.nd.dronology.ui.vaadin/src/main/java/edu/nd/dronology/ui/vaadin/start/MyUI.java
RE-681.txt,edu.nd.dronology.ui.vaadin/src/main/java/edu/nd/dronology/ui/vaadin/activeflights/AFMainLayout.java
RE-681.txt,edu.nd.dronology.ui.vaadin/src/main/java/edu/nd/dronology/ui/vaadin/start/NavigationBar.java
RE-679.txt,edu.nd.dronology.ui.vaadin/src/main/java/edu/nd/dronology/ui/vaadin/activeflights/AFInfoBox.java
RE-679.txt,edu.nd.dronology.ui.vaadin/src/main/java/edu/nd/dronology/ui/vaadin/flightroutes/FRControlsComponent.java
RE-679.txt,edu.nd.dronology.ui.vaadin/src/main/java/edu/nd/dronology/ui/vaadin/flightroutes/FRInfoBox.java
RE-679.txt,edu.nd.dronology.ui.vaadin/src/main/java/edu/nd/dronology/ui/vaadin/flightroutes/FRInfoPanel.java
RE-677.txt,edu.nd.dronology.ui.vaadin/src/main/java/edu/nd/dronology/ui/vaadin/flightroutes/FRMainLayout.java
RE-677.txt,edu.nd.dronology.ui.vaadin/src/main/java/edu/nd/dronology/ui/vaadin/flightroutes/FRMapComponent.java
RE-677.txt,edu.nd.dronology.ui.vaadin/src/main/java/edu/nd/dronology/ui/vaadin/flightroutes/FRMetaInfo.java
RE-677.txt,edu.nd.dronology.services/src/edu/nd/dronology/services/dronesetup/DroneSetupService.java
RE-677.txt,edu.nd.dronology.ui.vaadin/src/main/java/edu/nd/dronology/ui/vaadin/flightroutes/windows/FRDeleteRouteConfirmation.java
RE-672.txt,edu.nd.dronology.ui.vaadin/src/main/java/edu/nd/dronology/ui/vaadin/flightroutes/FRTableDisplay.java
RE-672.txt,edu.nd.dronology.ui.vaadin/src/main/java/edu/nd/dronology/ui/vaadin/flightroutes/FRMainLayout.java
RE-672.txt,edu.nd.dronology.ui.vaadin/src/main/java/edu/nd/dronology/ui/vaadin/utils/MapMarkerUtilities.java
RE-672.txt,edu.nd.dronology.ui.vaadin/src/main/java/edu/nd/dronology/ui/vaadin/start/MyUI.java
RE-672.txt,edu.nd.dronology.ui.vaadin/src/main/java/edu/nd/dronology/ui/vaadin/activeflights/AFMapComponent.java
RE-672.txt,edu.nd.dronology.ui.vaadin/src/main/java/edu/nd/dronology/ui/vaadin/flightroutes/FRMapComponent.java
RE-672.txt,edu.nd.dronology.ui.vaadin/src/main/java/edu/nd/dronology/ui/vaadin/flightroutes/FRControlsComponent.java
RE-672.txt,edu.nd.dronology.ui.vaadin/src/main/java/edu/nd/dronology/ui/vaadin/flightroutes/FRInfoPanel.java
RE-672.txt,edu.nd.dronology.ui.vaadin/src/main/java/edu/nd/dronology/ui/vaadin/flightroutes/FRMetaInfo.java
RE-672.txt,edu.nd.dronology.ui.vaadin/src/main/java/edu/nd/dronology/ui/vaadin/activeflights/MapDrawingUtil.java
RE-672.txt,edu.nd.dronology.ui.vaadin/src/main/java/edu/nd/dronology/ui/vaadin/flightroutes/FREditModeController.java
RE-672.txt,edu.nd.dronology.ui.vaadin/src/main/java/edu/nd/dronology/ui/vaadin/flightroutes/FRInfoBox.java
RE-670.txt,edu.nd.dronology.ui.vaadin/src/main/java/edu/nd/dronology/ui/vaadin/flightroutes/FREditModeController.java
RE-668.txt,edu.nd.dronology.ui.vaadin/src/main/java/edu/nd/dronology/ui/vaadin/flightroutes/FRMainLayout.java
RE-668.txt,edu.nd.dronology.ui.vaadin/src/main/java/edu/nd/dronology/ui/vaadin/start/MyUI.java
RE-668.txt,edu.nd.dronology.ui.vaadin/src/main/java/edu/nd/dronology/ui/vaadin/flightroutes/FRMapComponent.java
RE-668.txt,edu.nd.dronology.ui.vaadin/src/main/java/edu/nd/dronology/ui/vaadin/flightroutes/FRInfoPanel.java
RE-668.txt,edu.nd.dronology.ui.vaadin/src/main/java/edu/nd/dronology/ui/vaadin/flightroutes/FRMetaInfo.java
RE-666.txt,edu.nd.dronology.ui.vaadin/src/main/java/edu/nd/dronology/ui/vaadin/flightroutes/FRTableDisplay.java
RE-664.txt,edu.nd.dronology.ui.vaadin/src/main/java/edu/nd/dronology/ui/vaadin/utils/MapMarkerUtilities.java
RE-664.txt,edu.nd.dronology.ui.vaadin/src/main/java/edu/nd/dronology/ui/vaadin/flightroutes/FRMapComponent.java
RE-656.txt,edu.nd.dronology.ui.vaadin/src/main/java/edu/nd/dronology/ui/vaadin/activeflights/AFAssignRouteComponent.java
RE-656.txt,edu.nd.dronology.ui.vaadin/src/main/java/edu/nd/dronology/ui/vaadin/activeflights/AFDragLayout.java
RE-651.txt,edu.nd.dronology.ui.vaadin/src/main/java/edu/nd/dronology/ui/vaadin/activeflights/AFAssignRouteComponent.java
RE-649.txt,edu.nd.dronology.services/src/edu/nd/dronology/services/facades/FlightManagerServiceRemoteFacade.java
RE-649.txt,edu.nd.dronology.core/src/edu/nd/dronology/core/flight/PlanPoolManager.java
RE-649.txt,edu.nd.dronology.ui.vaadin/src/main/java/edu/nd/dronology/ui/vaadin/activeflights/AFInfoBox.java
RE-649.txt,edu.nd.dronology.services.core/src/edu/nd/dronology/services/core/remote/IFlightManagerRemoteService.java
RE-649.txt,edu.nd.dronology.services/src/edu/nd/dronology/services/instances/flightmanager/FlightManagerService.java
RE-649.txt,edu.nd.dronology.ui.vaadin/src/main/java/edu/nd/dronology/ui/vaadin/activeflights/AFAssignRouteComponent.java
RE-649.txt,edu.nd.dronology.services/src/edu/nd/dronology/services/instances/flightmanager/IFlightManagerServiceInstance.java
RE-649.txt,edu.nd.dronology.ui.vaadin/src/main/java/edu/nd/dronology/ui/vaadin/connector/DronologyActionExecutor.java
RE-649.txt,edu.nd.dronology.ui.vaadin/src/main/java/edu/nd/dronology/ui/vaadin/activeflights/AFDragLayout.java
RE-649.txt,edu.nd.dronology.core/src/edu/nd/dronology/core/flightzone/FlightZoneManager2.java
RE-649.txt,edu.nd.dronology.core/src/edu/nd/dronology/core/flight/PlanPool.java
RE-649.txt,edu.nd.dronology.services/src/edu/nd/dronology/services/instances/flightmanager/FlightManagerServiceInstance.java
RE-646.txt,edu.nd.dronology.core/src/edu/nd/dronology/core/fleet/DroneFleetManager.java
RE-646.txt,edu.nd.dronology.services/src/edu/nd/dronology/services/facades/FlightManagerServiceRemoteFacade.java
RE-646.txt,edu.nd.dronology.ui.vaadin/src/main/java/edu/nd/dronology/ui/vaadin/activeflights/AFInfoBox.java
RE-646.txt,edu.nd.dronology.services.core/src/edu/nd/dronology/services/core/remote/IFlightManagerRemoteService.java
RE-646.txt,edu.nd.dronology.services/src/edu/nd/dronology/services/instances/flightmanager/FlightManagerService.java
RE-646.txt,edu.nd.dronology.ui.vaadin/src/main/java/edu/nd/dronology/ui/vaadin/flightroutes/FRMainLayout.java
RE-646.txt,edu.nd.dronology.core/src/edu/nd/dronology/core/flight/internal/FlightPlan.java
RE-646.txt,edu.nd.dronology.ui.vaadin/src/main/java/edu/nd/dronology/ui/vaadin/activeflights/AFAssignRouteComponent.java
RE-646.txt,edu.nd.dronology.core/src/edu/nd/dronology/core/flight/IFlightPlan.java
RE-646.txt,edu.nd.dronology.ui.vaadin/src/main/java/edu/nd/dronology/ui/vaadin/flightroutes/FRControlsComponent.java
RE-646.txt,edu.nd.dronology.core/src/edu/nd/dronology/core/flight/FlightPlanFactory.java
RE-646.txt,edu.nd.dronology.services/src/edu/nd/dronology/services/instances/flightmanager/IFlightManagerServiceInstance.java
RE-646.txt,edu.nd.dronology.ui.vaadin/src/main/java/edu/nd/dronology/ui/vaadin/activeflights/AFMapComponent.java
RE-646.txt,edu.nd.dronology.ui.vaadin/src/main/java/edu/nd/dronology/ui/vaadin/activeflights/AFDragLayout.java
RE-646.txt,edu.nd.dronology.ui.vaadin/src/main/java/edu/nd/dronology/ui/vaadin/flightroutes/FRMapComponent.java
RE-646.txt,edu.nd.dronology.ui.vaadin/src/main/java/edu/nd/dronology/ui/vaadin/flightroutes/FRInfoPanel.java
RE-646.txt,edu.nd.dronology.ui.vaadin/src/main/java/edu/nd/dronology/ui/vaadin/flightroutes/FRInfoBox.java
RE-646.txt,edu.nd.dronology.services/src/edu/nd/dronology/services/instances/flightmanager/FlightManagerServiceInstance.java
RE-643.txt,edu.nd.dronology.ui.vaadin/src/main/java/edu/nd/dronology/ui/vaadin/activeflights/AFMapComponent.java
RE-643.txt,edu.nd.dronology.ui.vaadin/src/main/java/edu/nd/dronology/ui/vaadin/utils/Configuration.java
RE-642.txt,edu.nd.dronology.ui.vaadin/src/main/java/edu/nd/dronology/ui/vaadin/utils/Configuration.java
RE-642.txt,edu.nd.dronology.ui.vaadin/src/main/java/edu/nd/dronology/ui/vaadin/start/MyUI.java
RE-639.txt,edu.nd.dronology.services.core/src/edu/nd/dronology/services/core/remote/IMissionPlanningRemoteService.java
RE-639.txt,edu.nd.dronology.services/src/edu/nd/dronology/services/facades/MissionPlanningServiceRemoteFacade.java
RE-639.txt,edu.nd.dronology.services/src/edu/nd/dronology/services/instances/missionplanning/MissionPlanningService.java
RE-637.txt,edu.nd.dronology.services/src/edu/nd/dronology/services/instances/flightmanager/FlightManagerService.java
RE-634.txt,edu.nd.dronology.services/src/edu/nd/dronology/services/facades/FlightRouteplanningServiceRemoteFacade.java
RE-634.txt,edu.nd.dronology.services/src/edu/nd/dronology/services/instances/flightroute/IFlightRouteplanningServiceInstance.java
RE-634.txt,edu.nd.dronology.services/src/edu/nd/dronology/services/instances/flightroute/FlightRouteplanningServiceInstance.java
RE-634.txt,edu.nd.dronology.services.core/src/edu/nd/dronology/services/core/base/AbstractFileTransmitServerService.java
RE-634.txt,edu.nd.dronology.services/src/edu/nd/dronology/services/instances/flightroute/FlightRouteplanningService.java
RE-630.txt,edu.nd.dronology.services/src/edu/nd/dronology/services/facades/FlightManagerServiceRemoteFacade.java
RE-630.txt,edu.nd.dronology.services/src/edu/nd/dronology/services/instances/flightmanager/FlightManagerService.java
RE-630.txt,edu.nd.dronology.services/src/edu/nd/dronology/services/instances/flightmanager/FlightManagerServiceInstance.java
RE-630.txt,edu.nd.dronology.services.core/src/edu/nd/dronology/services/core/remote/IFlightManagerRemoteService.java
RE-630.txt,edu.nd.dronology.services/src/edu/nd/dronology/services/instances/flightmanager/IFlightManagerServiceInstance.java
RE-630.txt,edu.nd.dronology.services.core/src/edu/nd/dronology/services/core/remote/IDroneSetupRemoteService.java
RE-630.txt,edu.nd.dronology.ui.vaadin/src/main/java/edu/nd/dronology/ui/vaadin/activeflights/AFInfoBox.java
RE-630.txt,edu.nd.dronology.core/src/edu/nd/dronology/core/vehicle/ManagedDrone.java
RE-630.txt,edu.nd.dronology.core/src/edu/nd/dronology/core/vehicle/internal/VirtualDrone.java
RE-630.txt,edu.nd.dronology.services/src/edu/nd/dronology/services/dronesetup/IDroneSetupServiceInstance.java
RE-630.txt,edu.nd.dronology.ui.vaadin/src/main/java/edu/nd/dronology/ui/vaadin/utils/ImageProvider.java
RE-630.txt,edu.nd.dronology.core/src/edu/nd/dronology/core/vehicle/internal/PhysicalDrone.java
RE-630.txt,edu.nd.dronology.ui.vaadin/src/main/java/edu/nd/dronology/ui/vaadin/connector/DronologyActionExecutor.java
RE-630.txt,edu.nd.dronology.core/src/edu/nd/dronology/core/vehicle/IDrone.java
RE-630.txt,edu.nd.dronology.services/src/edu/nd/dronology/services/dronesetup/DroneSetupService.java
RE-630.txt,edu.nd.dronology.services/src/edu/nd/dronology/services/facades/DroneSetupServiceRemoteFacade.java
RE-630.txt,edu.nd.dronology.services/src/edu/nd/dronology/services/dronesetup/DroneSetupServiceInstance.java
RE-628.txt,edu.nd.dronology.services.core/src/edu/nd/dronology/services/core/base/AbstractFileTransmitServerService.java
RE-628.txt,edu.nd.dronology.services/src/edu/nd/dronology/services/instances/flightroute/FlightRouteplanningService.java
RE-626.txt,edu.nd.dronology.services/src/edu/nd/dronology/services/dronesetup/DroneSetupService.java
RE-626.txt,edu.nd.dronology.services.core/src/edu/nd/dronology/services/core/remote/IDroneSetupRemoteService.java
RE-626.txt,edu.nd.dronology.services/src/edu/nd/dronology/services/facades/DroneSetupServiceRemoteFacade.java
RE-626.txt,edu.nd.dronology.services/src/edu/nd/dronology/services/dronesetup/DroneSetupServiceInstance.java
RE-616.txt,net.mv.logging/src/main/java/net/mv/logging/LoggerAppenderAdapter.java
RE-616.txt,edu.nd.dronology.gstation.python.connector/src/edu/nd/dronology/gstation/connector/dispatch/WriteDispatcher.java
RE-616.txt,net.mv.logging/src/main/java/net/mv/logging/ILogger.java
RE-616.txt,edu.nd.dronology.gstation.python.connector/src/edu/nd/dronology/gstation/connector/dispatch/ReadDispatcher.java
RE-616.txt,edu.nd.dronology.gstation.python.connector/src/edu/nd/dronology/gstation/connector/dispatch/DispatchQueueManager.java
RE-616.txt,net.mv.logging/src/main/java/net/mv/logging/log4j2/Log4jv2RootLogger.java
RE-616.txt,net.mv.logging/src/main/java/net/mv/logging/log4j2/Log4Jv2Logger.java
RE-616.txt,edu.nd.dronology.core/src/edu/nd/dronology/core/vehicle/commands/AbstractDroneCommand.java
RE-616.txt,net.mv.logging/src/main/java/net/mv/logging/log4j2/Log4JLogForwarder.java
RE-616.txt,edu.nd.dronology.core/src/edu/nd/dronology/core/vehicle/internal/PhysicalDrone.java
RE-616.txt,edu.nd.dronology.core/src/edu/nd/dronology/core/vehicle/DroneFlightStateManager.java
RE-616.txt,edu.nd.dronology.gstation.python.connector/src/edu/nd/dronology/gstation/connector/GroundstationConnector.java
RE-611.txt,edu.nd.dronology.core/src/edu/nd/dronology/core/flight/internal/FlightPlan.java
RE-611.txt,edu.nd.dronology.core/src/edu/nd/dronology/core/vehicle/internal/PhysicalDrone.java
RE-611.txt,net.mv.logging/src/main/java/net/mv/logging/ILogger.java
RE-611.txt,edu.nd.dronology.core/src/edu/nd/dronology/core/vehicle/ManagedDrone.java
RE-611.txt,edu.nd.dronology.core/src/edu/nd/dronology/core/flight/PlanPool.java
RE-597.txt,edu.nd.dronology.core/src/edu/nd/dronology/core/simulator/simplesimulator/DroneVoltageSimulator.java
RE-596.txt,edu.nd.dronology.core/src/edu/nd/dronology/core/vehicle/internal/VirtualDrone.java
RE-595.txt,edu.nd.dronology.core/src/edu/nd/dronology/core/simulator/simplesimulator/FlightSimulator.java
RE-595.txt,edu.nd.dronology.core/src/edu/nd/dronology/core/simulator/simplesimulator/SimpleSimulator.java
RE-595.txt,edu.nd.dronology.core/src/edu/nd/dronology/core/simulator/nvecsimulator/NVECSimulator.java
RE-595.txt,edu.nd.dronology.core/src/edu/nd/dronology/core/simulator/nvecsimulator/NvecInterpolator.java
RE-594.txt,edu.nd.dronology.core/src/edu/nd/dronology/core/vehicle/internal/VirtualDrone.java
RE-593.txt,edu.nd.dronology.core/src/edu/nd/dronology/core/vehicle/internal/VirtualDrone.java
RE-593.txt,edu.nd.dronology.core/src/edu/nd/dronology/core/simulator/simplesimulator/FlightSimulator.java
RE-593.txt,edu.nd.dronology.core/src/edu/nd/dronology/core/simulator/simplesimulator/SimpleSimulator.java
RE-593.txt,edu.nd.dronology.core/src/edu/nd/dronology/core/simulator/nvecsimulator/NVECSimulator.java
RE-593.txt,edu.nd.dronology.core/src/edu/nd/dronology/core/simulator/nvecsimulator/NvecInterpolator.java
RE-593.txt,edu.nd.dronology.core/src/edu/nd/dronology/core/simulator/simplesimulator/DroneVoltageSimulator.java
RE-589.txt,edu.nd.dronology.core/src/edu/nd/dronology/core/DronologyConstants.java
RE-587.txt,edu.nd.dronology.core/src/edu/nd/dronology/core/fleet/DroneFleetManager.java
RE-587.txt,edu.nd.dronology.core/src/edu/nd/dronology/core/flight/PlanPoolManager.java
RE-576.txt,edu.nd.dronology.core/src/edu/nd/dronology/core/vehicle/internal/VirtualDrone.java
RE-576.txt,edu.nd.dronology.core/src/edu/nd/dronology/core/fleet/VirtualDroneFleetFactory.java
RE-574.txt,edu.nd.dronology.core/src/edu/nd/dronology/core/fleet/PhysicalDroneFleetFactory.java
RE-574.txt,edu.nd.dronology.core/src/edu/nd/dronology/core/vehicle/internal/PhysicalDrone.java
RE-558.txt,edu.nd.dronology.core/src/edu/nd/dronology/core/flight/PlanPool.java
RE-558.txt,edu.nd.dronology.core/src/edu/nd/dronology/core/flight/PlanPoolManager.java
RE-555.txt,edu.nd.dronology.services/src/edu/nd/dronology/services/facades/FlightManagerServiceRemoteFacade.java
RE-555.txt,edu.nd.dronology.services.core/src/edu/nd/dronology/services/core/remote/IFlightManagerRemoteService.java
RE-555.txt,edu.nd.dronology.core/src/edu/nd/dronology/core/flight/internal/SoloDirector.java
RE-555.txt,edu.nd.dronology.services/src/edu/nd/dronology/services/dronesetup/IDroneSetupServiceInstance.java
RE-555.txt,edu.nd.dronology.core/src/edu/nd/dronology/core/util/DummyLockObject.java
RE-555.txt,edu.nd.dronology.core/src/edu/nd/dronology/core/vehicle/uav/IStopStrategy.java
RE-555.txt,edu.nd.dronology.services.core/src/edu/nd/dronology/services/core/info/FlightInfo.java
RE-555.txt,edu.nd.dronology.services/src/edu/nd/dronology/services/dronesetup/DroneSetupServiceInstance.java
RE-555.txt,edu.nd.dronology.core/src/edu/nd/dronology/core/flight/PlanPoolManager.java
RE-555.txt,edu.nd.dronology.services/src/edu/nd/dronology/services/instances/flightmanager/FlightInfoCreator.java
RE-555.txt,edu.nd.dronology.core/src/edu/nd/dronology/core/vehicle/internal/VirtualDrone.java
RE-555.txt,edu.nd.dronology.core/src/edu/nd/dronology/core/flight/FlightPlanFactory.java
RE-555.txt,edu.nd.dronology.services/src/edu/nd/dronology/services/instances/flightmanager/IFlightManagerServiceInstance.java
RE-555.txt,edu.nd.dronology.services.core/src/edu/nd/dronology/services/core/info/DroneInitializationInfo.java
RE-555.txt,edu.nd.dronology.core/src/edu/nd/dronology/core/vehicle/DroneFlightStateManager.java
RE-555.txt,edu.nd.dronology.core/src/edu/nd/dronology/core/exceptions/DroneException.java
RE-555.txt,edu.nd.dronology.services.launch/src/edu/nd/dronology/services/launch/DronologyServiceRunner.java
RE-555.txt,edu.nd.dronology.core/src/edu/nd/dronology/core/flight/PlanPool.java
RE-555.txt,edu.nd.dronology.core/src/edu/nd/dronology/core/vehicle/IManagedDroneStateChangeListener.java
RE-555.txt,edu.nd.dronology.services/src/edu/nd/dronology/services/instances/dronesimulator/DroneSimulatorServiceInstance.java
RE-555.txt,edu.nd.dronology.core/src/edu/nd/dronology/core/fleet/DroneFleetManager.java
RE-555.txt,edu.nd.dronology.core/src/edu/nd/dronology/core/util/Waypoint.java
RE-555.txt,edu.nd.dronology.services.core/src/edu/nd/dronology/services/core/remote/IDroneSetupRemoteService.java
RE-555.txt,edu.nd.dronology.core/src/edu/nd/dronology/core/flight/internal/FlightPlan.java
RE-555.txt,edu.nd.dronology.core/src/edu/nd/dronology/core/flight/IPlanStatusChangeListener.java
RE-555.txt,edu.nd.dronology.core/src/edu/nd/dronology/core/vehicle/uav/IStartstrategy.java
RE-555.txt,edu.nd.dronology.core/src/edu/nd/dronology/core/vehicle/uav/LandingStrategy.java
RE-555.txt,edu.nd.dronology.core/src/edu/nd/dronology/core/util/ManagedHashTableList.java
RE-555.txt,edu.nd.dronology.services/src/edu/nd/dronology/services/instances/flightmanager/FlightManagerServiceInstance.java
RE-555.txt,edu.nd.dronology.services/src/edu/nd/dronology/services/instances/flightmanager/FlightManagerService.java
RE-555.txt,edu.nd.dronology.core/src/edu/nd/dronology/core/flight/IFlightPlan.java
RE-555.txt,edu.nd.dronology.core/src/edu/nd/dronology/core/vehicle/internal/PhysicalDrone.java
RE-555.txt,edu.nd.dronology.services/src/edu/nd/dronology/services/info/RemoteInfoFactory.java
RE-555.txt,edu.nd.dronology.core/src/edu/nd/dronology/core/flightzone/FlightZoneManager2.java
RE-555.txt,edu.nd.dronology.services/src/edu/nd/dronology/services/dronesetup/DroneSetupService.java
RE-555.txt,edu.nd.dronology.services/src/edu/nd/dronology/services/facades/DroneSetupServiceRemoteFacade.java
RE-551.txt,edu.nd.dronology.core/src/edu/nd/dronology/core/flight/PlanPoolManager.java
RE-551.txt,edu.nd.dronology.core/src/edu/nd/dronology/core/flightzone/FlightZoneManager2.java
RE-549.txt,edu.nd.dronology.core/src/edu/nd/dronology/core/flight/PlanPoolManager.java
RE-549.txt,edu.nd.dronology.core/src/edu/nd/dronology/core/flightzone/FlightZoneManager2.java
RE-547.txt,edu.nd.dronology.core/src/edu/nd/dronology/core/flightzone/FlightZoneManager2.java
RE-545.txt,edu.nd.dronology.services/src/edu/nd/dronology/services/missionplanning/plan/MissionController.java
RE-545.txt,edu.nd.dronology.services/src/edu/nd/dronology/services/missionplanning/plan/FullMissionPlan.java
RE-541.txt,edu.nd.dronology.services/src/edu/nd/dronology/services/missionplanning/patterns/TaskList.java
RE-541.txt,edu.nd.dronology.services/src/edu/nd/dronology/services/missionplanning/plan/FullMissionPlan.java
RE-541.txt,edu.nd.dronology.services/src/edu/nd/dronology/services/missionplanning/tasks/IMissionTask.java
RE-541.txt,edu.nd.dronology.services/src/edu/nd/dronology/services/missionplanning/patterns/PatternFactory.java
RE-541.txt,edu.nd.dronology.services/src/edu/nd/dronology/services/missionplanning/patterns/IFlightPattern.java
RE-541.txt,edu.nd.dronology.services/src/edu/nd/dronology/services/missionplanning/patterns/AbstractFlightPattern.java
RE-541.txt,edu.nd.dronology.services/src/edu/nd/dronology/services/missionplanning/sync/SyncConstants.java
RE-541.txt,edu.nd.dronology.services/src/edu/nd/dronology/services/missionplanning/patterns/CoordinatedTakeoffPattern.java
RE-541.txt,edu.nd.dronology.services/src/edu/nd/dronology/services/missionplanning/tasks/PatternTask.java
RE-541.txt,edu.nd.dronology.services/src/edu/nd/dronology/services/missionplanning/patterns/CoordinatedLandingPattern.java
RE-516.txt,edu.nd.dronology.core/src/edu/nd/dronology/core/coordinate/NVector.java
RE-516.txt,edu.nd.dronology.core/src/edu/nd/dronology/core/coordinate/PVector.java
RE-516.txt,edu.nd.dronology.core/src/edu/nd/dronology/core/coordinate/LlaCoordinate.java
RE-510.txt,edu.nd.dronology.core/src/edu/nd/dronology/core/coordinate/LlaCoordinate.java
RE-510.txt,edu.nd.dronology.core/src/edu/nd/dronology/core/coordinate/NVector.java
RE-510.txt,edu.nd.dronology.core/src/edu/nd/dronology/core/coordinate/PVector.java
RE-508.txt,edu.nd.dronology.services.core/src/edu/nd/dronology/services/core/items/FlightRoute.java
RE-505.txt,edu.nd.dronology.services.core/src/edu/nd/dronology/services/core/base/AbstractFileTransmitServiceInstance.java
RE-505.txt,edu.nd.dronology.services/src/edu/nd/dronology/services/instances/flightroute/FlightRouteplanningServiceInstance.java
RE-501.txt,edu.nd.dronology.services.core/src/edu/nd/dronology/services/core/persistence/FlightRoutePersistenceProvider.java
RE-501.txt,edu.nd.dronology.core/src/edu/nd/dronology/core/util/Waypoint.java
RE-501.txt,edu.nd.dronology.services/src/edu/nd/dronology/services/facades/FlightRouteplanningServiceRemoteFacade.java
RE-501.txt,edu.nd.dronology.services.core/src/edu/nd/dronology/services/core/persistence/DronologyPersistenceUtil.java
RE-501.txt,edu.nd.dronology.services.core/src/edu/nd/dronology/services/core/info/FlightRouteInfo.java
RE-501.txt,edu.nd.dronology.services.core/src/edu/nd/dronology/services/core/items/FlightRoute.java
RE-501.txt,edu.nd.dronology.services/src/edu/nd/dronology/services/instances/flightroute/IFlightRouteplanningServiceInstance.java
RE-501.txt,edu.nd.dronology.services/src/edu/nd/dronology/services/instances/flightroute/FlightRouteplanningServiceInstance.java
RE-501.txt,edu.nd.dronology.services.core/src/edu/nd/dronology/services/core/items/IFlightRoute.java
RE-501.txt,edu.nd.dronology.services/src/edu/nd/dronology/services/instances/flightroute/FlightRouteplanningService.java
RE-501.txt,edu.nd.dronology.services/src/edu/nd/dronology/services/instances/dronesimulator/DroneSimulatorServiceInstance.java
RE-424.txt,edu.nd.dronology.core/src/edu/nd/dronology/core/flightzone/FlightZoneManager2.java
RE-161.txt,edu.nd.dronology.core/src/edu/nd/dronology/core/fleet/DroneFleetManager.java
RE-161.txt,edu.nd.dronology.core/src/edu/nd/dronology/core/fleet/VirtualDroneFleetFactory.java
RE-161.txt,edu.nd.dronology.core/src/edu/nd/dronology/core/fleet/PhysicalDroneFleetFactory.java
RE-160.txt,edu.nd.dronology.core/src/edu/nd/dronology/core/fleet/PhysicalDroneFleetFactory.java
RE-160.txt,edu.nd.dronology.gstation.python.connector/src/edu/nd/dronology/gstation/connector/dispatch/DispatchQueueManager.java
RE-160.txt,edu.nd.dronology.core/src/edu/nd/dronology/core/fleet/AbstractDroneFleetFactory.java
RE-160.txt,edu.nd.dronology.core/src/edu/nd/dronology/core/fleet/VirtualDroneFleetFactory.java
RE-160.txt,edu.nd.dronology.services.core/src/edu/nd/dronology/services/core/info/DroneInitializationInfo.java
RE-160.txt,edu.nd.dronology.services/src/edu/nd/dronology/services/dronesetup/DroneSetupService.java
RE-160.txt,edu.nd.dronology.services/src/edu/nd/dronology/services/dronesetup/DroneSetupServiceInstance.java
RE-120.txt,edu.nd.dronology.ui.vaadin/src/main/java/edu/nd/dronology/ui/vaadin/activeflights/AFMainLayout.java
RE-120.txt,edu.nd.dronology.ui.vaadin/src/main/java/edu/nd/dronology/ui/vaadin/activeflights/AFMapComponent.java
RE-120.txt,edu.nd.dronology.ui.vaadin/src/main/java/edu/nd/dronology/ui/vaadin/utils/Configuration.java
RE-120.txt,edu.nd.dronology.ui.vaadin/src/main/java/edu/nd/dronology/ui/vaadin/start/MyUI.java
RE-120.txt,edu.nd.dronology.services/src/edu/nd/dronology/services/instances/flightmanager/FlightInfoCreator.java
RE-120.txt,edu.nd.dronology.ui.vaadin/src/main/java/edu/nd/dronology/ui/vaadin/flightroutes/FRTableDisplay.java
RE-120.txt,edu.nd.dronology.ui.vaadin/src/main/java/edu/nd/dronology/ui/vaadin/flightroutes/FRMainLayout.java
RE-120.txt,edu.nd.dronology.ui.vaadin/src/main/java/edu/nd/dronology/ui/vaadin/utils/MapMarkerUtilities.java
RE-120.txt,edu.nd.dronology.ui.vaadin/src/main/java/edu/nd/dronology/ui/vaadin/activeflights/AFInfoPanel.java
RE-120.txt,edu.nd.dronology.ui.vaadin/src/main/java/edu/nd/dronology/ui/vaadin/activeflights/MapDrawingUtil.java
RE-120.txt,edu.nd.dronology.ui.vaadin/src/main/java/edu/nd/dronology/ui/vaadin/activeflights/AFInfoBox.java
RE-114.txt,edu.nd.dronology.ui.vaadin/src/main/java/edu/nd/dronology/ui/vaadin/activeflights/AFMainLayout.java
RE-114.txt,edu.nd.dronology.ui.vaadin/src/main/java/edu/nd/dronology/ui/vaadin/activeflights/AFMapComponent.java
RE-114.txt,edu.nd.dronology.ui.vaadin/src/main/java/edu/nd/dronology/ui/vaadin/map/LeafletmapFactory.java
RE-103.txt,edu.nd.dronology.core/src/edu/nd/dronology/core/flightzone/FlightZoneManager2.java
RE-101.txt,edu.nd.dronology.core/src/edu/nd/dronology/core/flight/PlanPoolManager.java
RE-101.txt,edu.nd.dronology.core/src/edu/nd/dronology/core/flightzone/FlightZoneManager2.java
RE-100.txt,edu.nd.dronology.core/src/edu/nd/dronology/core/flight/PlanPool.java
RE-86.txt,edu.nd.dronology.services/src/edu/nd/dronology/services/facades/FlightManagerServiceRemoteFacade.java
RE-86.txt,edu.nd.dronology.services.core/src/edu/nd/dronology/services/core/remote/IFlightManagerRemoteService.java
RE-86.txt,edu.nd.dronology.core/src/edu/nd/dronology/core/flight/internal/SoloDirector.java
RE-86.txt,edu.nd.dronology.services/src/edu/nd/dronology/services/dronesetup/IDroneSetupServiceInstance.java
RE-86.txt,edu.nd.dronology.core/src/edu/nd/dronology/core/util/DummyLockObject.java
RE-86.txt,edu.nd.dronology.core/src/edu/nd/dronology/core/vehicle/uav/IStopStrategy.java
RE-86.txt,edu.nd.dronology.services.core/src/edu/nd/dronology/services/core/info/FlightInfo.java
RE-86.txt,edu.nd.dronology.services/src/edu/nd/dronology/services/dronesetup/DroneSetupServiceInstance.java
RE-86.txt,edu.nd.dronology.core/src/edu/nd/dronology/core/flight/PlanPoolManager.java
RE-86.txt,edu.nd.dronology.services/src/edu/nd/dronology/services/instances/flightmanager/FlightInfoCreator.java
RE-86.txt,edu.nd.dronology.core/src/edu/nd/dronology/core/vehicle/internal/VirtualDrone.java
RE-86.txt,edu.nd.dronology.core/src/edu/nd/dronology/core/flight/FlightPlanFactory.java
RE-86.txt,edu.nd.dronology.services/src/edu/nd/dronology/services/instances/flightmanager/IFlightManagerServiceInstance.java
RE-86.txt,edu.nd.dronology.services.core/src/edu/nd/dronology/services/core/info/DroneInitializationInfo.java
RE-86.txt,edu.nd.dronology.core/src/edu/nd/dronology/core/vehicle/DroneFlightStateManager.java
RE-86.txt,edu.nd.dronology.core/src/edu/nd/dronology/core/exceptions/DroneException.java
RE-86.txt,edu.nd.dronology.services.launch/src/edu/nd/dronology/services/launch/DronologyServiceRunner.java
RE-86.txt,edu.nd.dronology.core/src/edu/nd/dronology/core/flight/PlanPool.java
RE-86.txt,edu.nd.dronology.core/src/edu/nd/dronology/core/vehicle/IManagedDroneStateChangeListener.java
RE-86.txt,edu.nd.dronology.services/src/edu/nd/dronology/services/instances/dronesimulator/DroneSimulatorServiceInstance.java
RE-86.txt,edu.nd.dronology.core/src/edu/nd/dronology/core/fleet/DroneFleetManager.java
RE-86.txt,edu.nd.dronology.core/src/edu/nd/dronology/core/util/Waypoint.java
RE-86.txt,edu.nd.dronology.services.core/src/edu/nd/dronology/services/core/remote/IDroneSetupRemoteService.java
RE-86.txt,edu.nd.dronology.core/src/edu/nd/dronology/core/flight/internal/FlightPlan.java
RE-86.txt,edu.nd.dronology.core/src/edu/nd/dronology/core/flight/IPlanStatusChangeListener.java
RE-86.txt,edu.nd.dronology.core/src/edu/nd/dronology/core/vehicle/uav/IStartstrategy.java
RE-86.txt,edu.nd.dronology.core/src/edu/nd/dronology/core/vehicle/uav/LandingStrategy.java
RE-86.txt,edu.nd.dronology.core/src/edu/nd/dronology/core/util/ManagedHashTableList.java
RE-86.txt,edu.nd.dronology.services/src/edu/nd/dronology/services/instances/flightmanager/FlightManagerServiceInstance.java
RE-86.txt,edu.nd.dronology.services/src/edu/nd/dronology/services/instances/flightmanager/FlightManagerService.java
RE-86.txt,edu.nd.dronology.core/src/edu/nd/dronology/core/flight/IFlightPlan.java
RE-86.txt,edu.nd.dronology.core/src/edu/nd/dronology/core/vehicle/internal/PhysicalDrone.java
RE-86.txt,edu.nd.dronology.services/src/edu/nd/dronology/services/info/RemoteInfoFactory.java
RE-86.txt,edu.nd.dronology.core/src/edu/nd/dronology/core/flightzone/FlightZoneManager2.java
RE-86.txt,edu.nd.dronology.services/src/edu/nd/dronology/services/dronesetup/DroneSetupService.java
RE-86.txt,edu.nd.dronology.services/src/edu/nd/dronology/services/facades/DroneSetupServiceRemoteFacade.java
RE-80.txt,edu.nd.dronology.core/src/edu/nd/dronology/core/flight/internal/SoloDirector.java
RE-80.txt,edu.nd.dronology.core/src/edu/nd/dronology/core/vehicle/ManagedDrone.java
RE-80.txt,edu.nd.dronology.core/src/edu/nd/dronology/core/vehicle/internal/PhysicalDrone.java
RE-80.txt,edu.nd.dronology.core/src/edu/nd/dronology/core/vehicle/internal/VirtualDrone.java
RE-77.txt,edu.nd.dronology.core/src/edu/nd/dronology/core/flight/internal/SoloDirector.java
RE-77.txt,edu.nd.dronology.core/src/edu/nd/dronology/core/vehicle/commands/TakeoffCommand.java
RE-77.txt,edu.nd.dronology.services/src/edu/nd/dronology/services/supervisor/WorkspaceInitializer.java
RE-77.txt,edu.nd.dronology.core/src/edu/nd/dronology/core/flight/IFlightDirector.java
RE-77.txt,edu.nd.dronology.services/src/edu/nd/dronology/services/instances/flightmanager/FlightInfoCreator.java
RE-77.txt,edu.nd.dronology.core/src/edu/nd/dronology/core/flight/FlightPlanFactory.java
RE-77.txt,edu.nd.dronology.services/src/edu/nd/dronology/services/instances/flightmanager/IFlightManagerServiceInstance.java
RE-77.txt,edu.nd.dronology.services/src/edu/nd/dronology/services/remote/rmi/RemoteRMIRemoteObject.java
RE-77.txt,edu.nd.dronology.services/src/edu/nd/dronology/services/instances/dronesimulator/DroneSimulatorServiceInstance.java
RE-77.txt,edu.nd.dronology.core/test/edu/nd/dronology/core/utilities/TestPVector.java
RE-77.txt,edu.nd.dronology.core/test/edu/nd/dronology/core/simulator/nvecsimulator/NvecInterpolatorTest.java
RE-77.txt,edu.nd.dronology.core/src/edu/nd/dronology/core/flight/IPlanStatusChangeListener.java
RE-77.txt,edu.nd.dronology.core/src/edu/nd/dronology/core/vehicle/uav/LandingStrategy.java
RE-77.txt,edu.nd.dronology.services.core/src/edu/nd/dronology/services/core/util/WatchServiceRunner.java
RE-77.txt,edu.nd.dronology.services.core/src/edu/nd/dronology/services/core/base/AbstractServerService.java
RE-77.txt,edu.nd.dronology.core/src/edu/nd/dronology/core/flight/IFlightPlan.java
RE-77.txt,edu.nd.dronology.services.core/src/edu/nd/dronology/services/core/items/AssignedDrone.java
RE-77.txt,edu.nd.dronology.services/src/edu/nd/dronology/services/dronesetup/DroneSetupService.java
RE-77.txt,edu.nd.dronology.core/test/edu/nd/dronology/core/utilities/TestNVector.java
RE-77.txt,edu.nd.dronology.core/test/edu/nd/dronology/core/utilities/TestAbstractPosition.java
RE-77.txt,edu.nd.dronology.core/src/edu/nd/dronology/core/vehicle/ManagedDrone.java
RE-77.txt,edu.nd.dronology.core/src/edu/nd/dronology/core/vehicle/IDroneCommandHandler.java
RE-77.txt,edu.nd.dronology.services.core/src/edu/nd/dronology/services/core/info/FlightPlanInfo.java
RE-77.txt,edu.nd.dronology.core/src/edu/nd/dronology/core/coordinate/AbstractPosition.java
RE-77.txt,edu.nd.dronology.core/src/edu/nd/dronology/core/vehicle/commands/SetStateFrequencyCommand.java
RE-77.txt,edu.nd.dronology.services/src/edu/nd/dronology/services/dronesetup/DroneSetupServiceInstance.java
RE-77.txt,edu.nd.dronology.core/src/edu/nd/dronology/core/vehicle/commands/IDroneCommand.java
RE-77.txt,edu.nd.dronology.core/src/edu/nd/dronology/core/fleet/PhysicalDroneFleetFactory.java
RE-77.txt,edu.nd.dronology.core/src/edu/nd/dronology/core/vehicle/commands/SetGimbalRotationCommand.java
RE-77.txt,edu.nd.dronology.core/src/edu/nd/dronology/core/vehicle/internal/VirtualDrone.java
RE-77.txt,edu.nd.dronology.core/src/edu/nd/dronology/core/vehicle/commands/CommandIds.java
RE-77.txt,edu.nd.dronology.core/src/edu/nd/dronology/core/exceptions/DroneException.java
RE-77.txt,edu.nd.dronology.core/src/edu/nd/dronology/core/fleet/DroneFleetManager.java
RE-77.txt,edu.nd.dronology.core/src/edu/nd/dronology/core/util/Waypoint.java
RE-77.txt,edu.nd.dronology.core/src/edu/nd/dronology/core/vehicle/commands/SetVelocityCommand.java
RE-77.txt,edu.nd.dronology.core/src/edu/nd/dronology/core/flight/internal/FlightPlan.java
RE-77.txt,edu.nd.dronology.core/src/edu/nd/dronology/core/vehicle/uav/IStartstrategy.java
RE-77.txt,edu.nd.dronology.core/src/edu/nd/dronology/core/unused/FlightZoneManager.java
RE-77.txt,edu.nd.dronology.core/src/edu/nd/dronology/core/util/ManagedHashTableList.java
RE-77.txt,edu.nd.dronology.services/src/edu/nd/dronology/services/instances/flightmanager/FlightManagerServiceInstance.java
RE-77.txt,edu.nd.dronology.core/test/edu/nd/dronology/core/utilities/TestCoordinates.java
RE-77.txt,edu.nd.dronology.core/src/edu/nd/dronology/core/vehicle/internal/PhysicalDrone.java
RE-77.txt,edu.nd.dronology.core/src/edu/nd/dronology/core/fleet/VirtualDroneFleetFactory.java
RE-77.txt,edu.nd.dronology.core/src/edu/nd/dronology/core/vehicle/AbstractDrone.java
RE-77.txt,edu.nd.dronology.services.core/src/edu/nd/dronology/services/core/items/IFlightRoute.java
RE-77.txt,edu.nd.dronology.services/src/edu/nd/dronology/services/dronesetup/IDroneSetupServiceInstance.java
RE-77.txt,edu.nd.dronology.services.core/src/edu/nd/dronology/services/core/info/FlightInfo.java
RE-77.txt,edu.nd.dronology.core/src/edu/nd/dronology/core/vehicle/commands/SetGroundSpeedCommand.java
RE-77.txt,edu.nd.dronology.core/src/edu/nd/dronology/core/vehicle/commands/SetMonitoringFrequencyCommand.java
RE-77.txt,edu.nd.dronology.core/src/edu/nd/dronology/core/flight/PlanPoolManager.java
RE-77.txt,edu.nd.dronology.core/src/edu/nd/dronology/core/IUAVPropertyUpdateNotifier.java
RE-77.txt,edu.nd.dronology.services.launch/src/edu/nd/dronology/services/launch/DronologyServiceRunner.java
RE-77.txt,edu.nd.dronology.services.core/src/edu/nd/dronology/services/core/remote/IDroneSetupRemoteService.java
RE-77.txt,edu.nd.dronology.services/src/edu/nd/dronology/services/instances/flightmanager/FlightMissionManager.java
RE-77.txt,edu.nd.dronology.core/src/edu/nd/dronology/core/mission/IMissionPlan.java
RE-77.txt,edu.nd.dronology.services.core/src/edu/nd/dronology/services/core/info/FlightRouteInfo.java
RE-77.txt,edu.nd.dronology.core/src/edu/nd/dronology/core/simulator/nvecsimulator/NvecInterpolator.java
RE-77.txt,edu.nd.dronology.core/src/edu/nd/dronology/core/vehicle/commands/AbstractDroneCommand.java
RE-77.txt,edu.nd.dronology.core/src/edu/nd/dronology/core/simulator/simplesimulator/FlightSimulator.java
RE-77.txt,edu.nd.dronology.core/src/edu/nd/dronology/core/DronologyConstants.java
RE-77.txt,edu.nd.dronology.core/src/edu/nd/dronology/core/vehicle/commands/SetGimbalTargetCommand.java
RE-77.txt,edu.nd.dronology.core/src/edu/nd/dronology/core/coordinate/LlaCoordinate.java
RE-77.txt,edu.nd.dronology.core/test/edu/nd/dronology/core/utilities/TestLlaCoordinate.java
RE-77.txt,edu.nd.dronology.core/src/edu/nd/dronology/core/flightzone/FlightZoneManager2.java
RE-77.txt,edu.nd.dronology.services/src/edu/nd/dronology/services/facades/DroneSetupServiceRemoteFacade.java
RE-77.txt,edu.nd.dronology.services/src/edu/nd/dronology/services/facades/FlightManagerServiceRemoteFacade.java
RE-77.txt,edu.nd.dronology.services.core/src/edu/nd/dronology/services/core/remote/IFlightManagerRemoteService.java
RE-77.txt,edu.nd.dronology.services.core/src/edu/nd/dronology/services/core/util/DronologyConstants.java
RE-77.txt,edu.nd.dronology.core/test/edu/nd/dronology/core/flight_manager/TestSoloDirector.java
RE-77.txt,edu.nd.dronology.core/src/edu/nd/dronology/core/util/DummyLockObject.java
RE-77.txt,edu.nd.dronology.core/src/edu/nd/dronology/core/vehicle/IDrone.java
RE-77.txt,edu.nd.dronology.core/src/edu/nd/dronology/core/vehicle/commands/GoToCommand.java
RE-77.txt,edu.nd.dronology.core/src/edu/nd/dronology/core/vehicle/uav/IStopStrategy.java
RE-77.txt,edu.nd.dronology.services.core/src/edu/nd/dronology/services/core/remote/IRemoteManager.java
RE-77.txt,edu.nd.dronology.core/src/edu/nd/dronology/core/simulator/IMovementSimulator.java
RE-77.txt,edu.nd.dronology.services.core/src/edu/nd/dronology/services/core/items/FlightRoute.java
RE-77.txt,edu.nd.dronology.services/src/edu/nd/dronology/services/instances/flightroute/FlightRouteplanningServiceInstance.java
RE-77.txt,edu.nd.dronology.services.core/src/edu/nd/dronology/services/core/info/DroneInitializationInfo.java
RE-77.txt,edu.nd.dronology.core/src/edu/nd/dronology/core/vehicle/DroneFlightStateManager.java
RE-77.txt,edu.nd.dronology.core/src/edu/nd/dronology/core/flight/PlanPool.java
RE-77.txt,edu.nd.dronology.core/src/edu/nd/dronology/core/vehicle/IManagedDroneStateChangeListener.java
RE-77.txt,edu.nd.dronology.services.core/src/edu/nd/dronology/services/core/persistence/DronologyPersistenceUtil.java
RE-77.txt,edu.nd.dronology.services/src/edu/nd/dronology/services/remote/RemoteManager.java
RE-77.txt,edu.nd.dronology.services.launch/src/edu/nd/dronology/services/launch/FlyingFieldDemoScript.java
RE-77.txt,edu.nd.dronology.core/src/edu/nd/dronology/core/unused/Flights.java
RE-77.txt,edu.nd.dronology.core/src/edu/nd/dronology/core/fleet/AbstractDroneFleetFactory.java
RE-77.txt,edu.nd.dronology.core/src/edu/nd/dronology/core/fleet/RuntimeDroneTypes.java
RE-77.txt,edu.nd.dronology.services.core/src/edu/nd/dronology/services/core/util/FileManager.java
RE-77.txt,edu.nd.dronology.core/src/edu/nd/dronology/core/simulator/SimulatorFactory.java
RE-77.txt,edu.nd.dronology.core/src/edu/nd/dronology/core/mission/MissionPlan.java
RE-77.txt,edu.nd.dronology.services/src/edu/nd/dronology/services/instances/flightmanager/FlightManagerService.java
RE-77.txt,edu.nd.dronology.services.core/src/edu/nd/dronology/services/core/message/InfoNotification.java
RE-77.txt,edu.nd.dronology.services/src/edu/nd/dronology/services/info/RemoteInfoFactory.java
RE-77.txt,edu.nd.dronology.core/src/edu/nd/dronology/core/simulator/simplesimulator/SimpleSimulator.java
RE-36.txt,edu.nd.dronology.core/src/edu/nd/dronology/core/fleet/DroneFleetManager.java
RE-36.txt,edu.nd.dronology.core/src/edu/nd/dronology/core/fleet/VirtualDroneFleetFactory.java
RE-36.txt,edu.nd.dronology.core/src/edu/nd/dronology/core/fleet/PhysicalDroneFleetFactory.java
RE-28.txt,edu.nd.dronology.core/src/edu/nd/dronology/core/flight/PlanPool.java
RE-28.txt,edu.nd.dronology.core/src/edu/nd/dronology/core/flight/PlanPoolManager.java
RE-25.txt,edu.nd.dronology.core/src/edu/nd/dronology/core/fleet/PhysicalDroneFleetFactory.java
RE-25.txt,edu.nd.dronology.core/src/edu/nd/dronology/core/vehicle/internal/PhysicalDrone.java
RE-25.txt,edu.nd.dronology.core/src/edu/nd/dronology/core/vehicle/AbstractDrone.java
RE-25.txt,edu.nd.dronology.core/src/edu/nd/dronology/core/vehicle/internal/VirtualDrone.java
RE-25.txt,edu.nd.dronology.core/src/edu/nd/dronology/core/fleet/VirtualDroneFleetFactory.java
RE-8.txt,edu.nd.dronology.core/src/edu/nd/dronology/core/vehicle/DroneFlightStateManager.java
RE-8.txt,edu.nd.dronology.core/src/edu/nd/dronology/core/vehicle/ManagedDrone.java
RE-8.txt,edu.nd.dronology.core/src/edu/nd/dronology/core/flightzone/FlightZoneManager2.java
RE-8.txt,edu.nd.dronology.core/src/edu/nd/dronology/core/flight/internal/SoloDirector.java
RE-8.txt,edu.nd.dronology.gstation.python.connector/src/edu/nd/dronology/gstation/connector/messages/UAVMessageFactory.java
RE-8.txt,edu.nd.dronology.services/src/edu/nd/dronology/services/instances/missionplanning/MissionPlanningServiceInstance.java
RE-8.txt,edu.nd.dronology.services/src/edu/nd/dronology/services/instances/missionplanning/MissionPlanningService.java
RE-8.txt,edu.nd.dronology.gstation.python.connector/src/edu/nd/dronology/gstation/connector/dispatch/StatusDispatchThread.java
RE-8.txt,edu.nd.dronology.core/src/edu/nd/dronology/core/vehicle/AbstractDrone.java
RE-8.txt,edu.nd.dronology.services/src/edu/nd/dronology/services/instances/missionplanning/IMissionPlanningServiceInstance.java
RE-8.txt,edu.nd.dronology.core/src/edu/nd/dronology/core/vehicle/internal/PhysicalDrone.java
RE-8.txt,edu.nd.dronology.gstation.python.connector/src/edu/nd/dronology/gstation/connector/messages/ModeChangeMessageTypeAdapter.java
RE-8.txt,edu.nd.dronology.gstation.python.connector/src/edu/nd/dronology/gstation/connector/messages/UAVModeChangeMessage.java
